task,model_name,score,abstention_rate
1_1,rag,0.5704461844166715,0.0
1_2,rag,0.4,0.11
3_1,rag,0.4118333333333334,0.0
3_2,rag,0.3256036956861512,0.0
