task,model_name,score,abstention_rate
1_1,rag,0.6537967965333753,0.0
1_2,rag,0.44,0.09
3_1,rag,0.3751666666666667,0.0
3_2,rag,0.37638872897217696,0.0
