task,model_name,score,abstention_rate
1_1,rag,0.548685343162437,0.0
1_2,rag,0.37,0.08
3_1,rag,0.49199999999999994,0.0
3_2,rag,0.2704326890404849,0.0
