task,model_name,score,abstention_rate
1_1,rag,0.609954330755608,0.0
1_2,rag,0.41,0.09
3_1,rag,0.3873333333333332,0.0
3_2,rag,0.3341936871868292,0.0
