task,model_name,score,abstention_rate
1_1,rag,0.5639020983830737,0.0
1_2,rag,0.37,0.14
3_1,rag,0.33433333333333337,0.0
3_2,rag,0.41615767481239624,0.0
