task,model_name,score,abstention_rate
1_1,rag,0.6075934110802911,0.0
1_2,rag,0.29,0.25
3_1,rag,0.265,0.01
3_2,rag,0.4365702782710722,0.0
