task,model_name,score,abstention_rate
1_1,rag,0.618620557016493,0.0
1_2,rag,0.3,0.22
3_1,rag,0.2973333333333334,0.06
3_2,rag,0.4480196017202268,0.0
