task,model_name,score,abstention_rate
1_1,rag,0.6517715819458193,0.0
1_2,rag,0.39,0.15
3_1,rag,0.2805000000000001,0.0
3_2,rag,0.4274902703251767,0.0
